departamento_residencia,municipio_residencia,births
ANTIOQUIA,MEDELLIN,9455
ANTIOQUIA,BELLO,2355
ANTIOQUIA,BARBOSA,265
ANTIOQUIA,COPACABANA,242
ANTIOQUIA,ITAGÜI,227
ANTIOQUIA,URRAO,181
ANTIOQUIA,GIRARDOTA,174
ANTIOQUIA,SAN PEDRO DE LOS MILAGROS,166
CHOCO,QUIBDO,149
ANTIOQUIA,SEGOVIA,145
ANTIOQUIA,SONSON,138
ANTIOQUIA,REMEDIOS,97
ANTIOQUIA,ANDES,95
ANTIOQUIA,SANTA ROSA DE OSOS,89
ANTIOQUIA,ITUANGO,87
ANTIOQUIA,SAN CARLOS,78
ANTIOQUIA,BETULIA,76
ANTIOQUIA,SAN ROQUE,73
ANTIOQUIA,RIONEGRO,72
ANTIOQUIA,SALGAR,63
ANTIOQUIA,VEGACHI,62
ANTIOQUIA,DONMATIAS,60
ANTIOQUIA,GUARNE,60
ANTIOQUIA,CALDAS,59
ANTIOQUIA,MARINILLA,58
ANTIOQUIA,AMALFI,57
CHOCO,BAHIA SOLANO,55
ANTIOQUIA,CAICEDO,50
ANTIOQUIA,NARINO,47
ANTIOQUIA,FRONTINO,46
ANTIOQUIA,SAN RAFAEL,46
ANTIOQUIA,CONCORDIA,46
ANTIOQUIA,SAN LUIS,45
ANTIOQUIA,EL CARMEN DE VIBORAL,44
ANTIOQUIA,YARUMAL,41
ANTIOQUIA,ANORI,41
ANTIOQUIA,ARGELIA,38
ANTIOQUIA,EL SANTUARIO,38
ANTIOQUIA,SANTO DOMINGO,37
ANTIOQUIA,PUERTO TRIUNFO,37
ANTIOQUIA,LA ESTRELLA,37
ANTIOQUIA,COCORNA,36
ANTIOQUIA,DABEIBA,36
ANTIOQUIA,ABEJORRAL,34
ANTIOQUIA,ENTRERRIOS,34
ANTIOQUIA,PUERTO BERRIO,33
ANTIOQUIA,SABANETA,31
ANTIOQUIA,CISNEROS,31
ANTIOQUIA,ENVIGADO,30
ANTIOQUIA,GUADALUPE,29
ANTIOQUIA,YOLOMBO,28
ANTIOQUIA,EBEJICO,28
ANTIOQUIA,CANASGORDAS,27
ANTIOQUIA,ITAGUI,27
ANTIOQUIA,MACEO,27
ANTIOQUIA,VENECIA,26
ANTIOQUIA,BURITICA,26
ANTIOQUIA,SOPETRAN,26
ANTIOQUIA,SAN JERONIMO,26
ANTIOQUIA,LA CEJA,26
ANTIOQUIA,ALEJANDRIA,25
ANTIOQUIA,CAÑASGORDAS,25
ANTIOQUIA,BELMIRA,25
ANTIOQUIA,GUATAPE,24
ANTIOQUIA,SAN ANDRES DE CUERQUIA,24
ANTIOQUIA,SANTA FE DE ANTIOQUIA,24
ANTIOQUIA,SANTA BARBARA,23
ANTIOQUIA,FREDONIA,23
ANTIOQUIA,CARACOLI,23
ANTIOQUIA,LA PINTADA,22
ANTIOQUIA,TOLEDO,22
ANTIOQUIA,ANZA,20
ANTIOQUIA,SAN FRANCISCO,20
ANTIOQUIA,BETANIA,20
ANTIOQUIA,PEQUE,19
ANTIOQUIA,CAUCASIA,19
ANTIOQUIA,YALI,19
ANTIOQUIA,SAN VICENTE FERRER,19
ANTIOQUIA,AMAGA,19
ANTIOQUIA,LIBORINA,19
ANTIOQUIA,JARDIN,18
ANTIOQUIA,TAMESIS,18
ANTIOQUIA,GRANADA,18
ANTIOQUIA,ANGELOPOLIS,17
CHOCO,EL CARMEN DE ATRATO,17
ANTIOQUIA,PUERTO NARE,17
CHOCO,ISTMINA,16
ANTIOQUIA,SABANALARGA,16
ANTIOQUIA,CARAMANTA,16
ANTIOQUIA,LA UNION,15
ANTIOQUIA,MONTEBELLO,15
ANTIOQUIA,TURBO,15
ANTIOQUIA,GOMEZ PLATA,15
ANTIOQUIA,URAMITA,14
ANTIOQUIA,EL BAGRE,14
ANTIOQUIA,CIUDAD BOLIVAR,13
ANTIOQUIA,GIRALDO,13
ANTIOQUIA,PEÑOL,12
ANTIOQUIA,TARAZA,12
ANTIOQUIA,VALDIVIA,11
ANTIOQUIA,PENOL,11
ANTIOQUIA,RETIRO,10
ANTIOQUIA,CAROLINA,10
CHOCO,JURADO,10
ANTIOQUIA,CAREPA,9
ANTIOQUIA,SANTAFE DE ANTIOQUIA,9
ANTIOQUIA,HELICONIA,9
CORDOBA,MONTERIA,9
CHOCO,NUQUI,9
ANTIOQUIA,DON MATIAS,9
ANTIOQUIA,JERICO,8
ANTIOQUIA,TARSO,8
ANTIOQUIA,VIGIA DEL FUERTE,8
ANTIOQUIA,CAMPAMENTO,8
ANTIOQUIA,SAN PEDRO DE URABA,8
ANTIOQUIA,PUEBLORRICO,8
ANTIOQUIA,CONCEPCION,8
ANTIOQUIA,TITIRIBI,7
ANTIOQUIA,ZARAGOZA,7
ANTIOQUIA,SAN JUAN DE URABA,7
ANTIOQUIA,VALPARAISO,7
ANTIOQUIA,ABRIAQUI,6
ANTIOQUIA,YONDO,6
ANTIOQUIA,SAN JOSE DE LA MONTANA,6
ANTIOQUIA,ARMENIA,5
"BOGOTA, D.C.","BOGOTA, D.C.",5
,,5
ANTIOQUIA,APARTADO,5
CHOCO,BAGADO,5
BOYACA,PUERTO BOYACA,5
CHOCO,ATRATO,5
ANTIOQUIA,NECOCLI,5
CHOCO,ACANDI,5
SUCRE,SAN MARCOS,4
CHOCO,RIO QUITO,4
CHOCO,EL CANTON DEL SAN PABLO,4
ANTIOQUIA,HISPANIA,4
VALLE DEL CAUCA,BUENAVENTURA,4
ANTIOQUIA,NECHI,3
SUCRE,SAN ONOFRE,3
ATLANTICO,BARRANQUILLA,3
ANTIOQUIA,MUTATA,3
ANTIOQUIA,CHIGORODO,3
META,VILLAVICENCIO,3
SANTANDER,CIMITARRA,3
SUCRE,SINCELEJO,3
ANTIOQUIA,BRICEÑO,3
ATLANTICO,SOLEDAD,3
ANTIOQUIA,CACERES,3
CORDOBA,PLANETA RICA,2
CORDOBA,TIERRALTA,2
ANTIOQUIA,OLAYA,2
NARINO,EL PENOL,2
CUNDINAMARCA,CHOCONTA,2
CHOCO,ALTO BAUDO,2
SUCRE,TOLU VIEJO,2
BOLIVAR,MAGANGUE,2
BOLIVAR,CARTAGENA,2
CAUCA,POPAYAN,2
NARINO,NARINO,2
LA GUAJIRA,MAICAO,2
CORDOBA,MONTELIBANO,2
ANTIOQUIA,BRICENO,2
CHOCO,UNION PANAMERICANA,2
ANTIOQUIA,NARIÑO,2
ANTIOQUIA,ANGOSTURA,2
SUCRE,SUCRE,2
CHOCO,CONDOTO,2
CHOCO,TADO,2
CHOCO,UNGUIA,2
ANTIOQUIA,SAN JOSE DE LA MONTAÑA,2
MAGDALENA,PLATO,2
BOLIVAR,CARTAGENA DE INDIAS,2
CORDOBA,LORICA,2
CORDOBA,TUCHIN,2
CUNDINAMARCA,SOACHA,2
NARINO,BARBACOAS,2
CUNDINAMARCA,PUERTO SALGAR,2
CALDAS,RIOSUCIO,1
CESAR,VALLEDUPAR,1
BOLIVAR,MOMPOS,1
SANTANDER,BARRANCABERMEJA,1
HUILA,ISNOS,1
VALLE DEL CAUCA,EL AGUILA,1
"ARCHIPIELAGO DE SAN ANDRES, PROVIDENCIA Y SANTA CATALINA",SAN ANDRES,1
NORTE DE SANTANDER,LOS PATIOS,1
HUILA,VILLAVIEJA,1
VALLE DEL CAUCA,GUACARI,1
SANTANDER,BUCARAMANGA,1
SUCRE,SANTIAGO DE TOLU,1
CAUCA,SUCRE,1
CORDOBA,SAN PELAYO,1
QUINDIO,ARMENIA,1
RISARALDA,BALBOA,1
SANTANDER,LANDAZURI,1
CAUCA,SAN SEBASTIAN,1
ANTIOQUIA,ARBOLETES,1
CAUCA,ARGELIA,1
CHOCO,CERTEGUI,1
CESAR,AGUACHICA,1
BOLIVAR,SAN JUAN NEPOMUCENO,1
SANTANDER,SUCRE,1
CAUCA,SANTANDER DE QUILICHAO,1
BOYACA,AQUITANIA,1
SANTANDER,SAN VICENTE DE CHUCURI,1
CORDOBA,SAN ANTERO,1
HUILA,ACEVEDO,1
CORDOBA,SAN BERNARDO DEL VIENTO,1
CHOCO,MEDIO ATRATO,1
CALDAS,SUPIA,1
NARINO,PASTO,1
CHOCO,NUEVO BELEN DE BAJIRA,1
CHOCO,BOJAYA,1
CHOCO,CARMEN DEL DARIEN,1
META,GUAMAL,1
CHOCO,BELEN DE BAJIRA,1
META,ACACIAS,1
CHOCO,BAJO BAUDO,1
TOLIMA,LERIDA,1
CHOCO,LLORO,1
CORDOBA,CHINU,1
LA GUAJIRA,MANAURE,1
HUILA,NEIVA,1
NORTE DE SANTANDER,OCAÑA,1
MAGDALENA,CIENAGA,1
SUCRE,SAN JOSE DE TOLUVIEJO,1
CORDOBA,SAHAGUN,1
CAUCA,CALOTO,1
CORDOBA,CANALETE,1
CALDAS,MARMATO,1
CHOCO,RIOSUCIO,1
CHOCO,MEDIO BAUDO,1
CORDOBA,PUERTO ESCONDIDO,1
